{"count":1,"self":17.916624,"total":18.361503,"children":{"InitializeActuators":{"count":10,"self":0.0018637999999999999,"total":0.0018637999999999999,"children":null},"InitializeSensors":{"count":10,"self":0.0039892999999999994,"total":0.0039892999999999994,"children":null},"AgentSendState":{"count":904,"self":0.1095414,"total":0.1235255,"children":{"CollectObservations":{"count":1810,"self":0.0070000999999999996,"total":0.0070000999999999996,"children":null},"WriteActionMask":{"count":1810,"self":0.00097789999999999986,"total":0.00097789999999999986,"children":null},"RequestDecision":{"count":1810,"self":0.0060060999999999995,"total":0.0060060999999999995,"children":null}}},"DecideAction":{"count":904,"self":0.2303245,"total":0.2402934,"children":{"RayPerceptionSensor.Perceive":{"count":1810,"self":0.0099689,"total":0.0099689,"children":null}}},"AgentAct":{"count":904,"self":0.073211699999999991,"total":0.073211699999999991,"children":null}},"gauges":{"OpponentL.CumulativeReward":{"count":6,"max":3,"min":-1,"runningAverage":0.333333343,"value":3,"weightedAverage":0.477539063},"OpponentR.CumulativeReward":{"count":10,"max":20,"min":-1,"runningAverage":4.3,"value":14,"weightedAverage":7.291725}},"metadata":{"timer_format_version":"0.1.0","start_time_seconds":"1621955157","unity_version":"2019.4.12f1","command_line_arguments":"C:\\Users\\savasosmnglu\\Documents\\fallguys_demoproject\\fall_guys_demo_project\\Build\\FallandPaintGuys - Demo.exe","communication_protocol_version":"1.5.0","com.unity.ml-agents_version":"2.0.0-pre.3","scene_name":"Level-1","end_time_seconds":"1621955175"}}